Student_ID,Rating,Feedback_Text
1,4,"Explains abstract ideas with relatable, practical examples"
2,2,Lacks clarity in explaining course material
3,4,Provides inspiring and motivational classroom discussions
4,2,Demonstrates limited understanding of subject matter
5,5,Incorporates cutting-edge research into the curriculum
6,2,Appears unapproachable and discourages questions
7,5,Explains complex concepts with remarkable clarity
8,3,Uses outdated teaching methods and resources
9,5,Uses a variety of assessment methods to gauge understanding
10,2,Does not encourage classroom participation
11,5,Balances theoretical knowledge with practical applications
12,3,Assigns tasks without providing adequate instructions
13,5,Creates thought-provoking learning experiences
14,3,Relies too heavily on textbook content
15,4,Inspires a passion for lifelong learning in students
16,1,Neglects to provide context for complex ideas
17,5,Facilitates peer-to-peer learning to reinforce concepts
18,1,Presents conflicting or contradictory information
19,5,Demonstrates deep subject matter expertise
20,2,Ignores suggestions for improvement from students
21,5,Creates a welcoming environment for all students
22,1,Fails to address varying levels of student preparedness
23,5,Uses engaging multimedia resources to enhance learning
24,3,"Frequently digresses into irrelevant topics, losing focus"
25,5,Adapts teaching style to different learning needs
26,2,Provides confusing and unclear instructions
27,4,Challenges students to think critically and creatively
28,3,Fails to create clear connections between topics
29,5,Masters the art of making difficult topics easily comprehensible
30,2,Fails to adapt teaching style to student needs
31,4,Encourages innovative thinking through thought-provoking questions
32,1,Demonstrates insufficient subject matter knowledge
33,4,Encourages self-directed exploration of advanced topics
34,3,Lectures are monotonous and difficult to follow
35,4,Encourages collaborative learning among peers
36,1,Leaves questions unanswered or dismisses them
37,4,Brings real-world expertise into classroom discussions
38,1,Expects unrealistic levels of prior knowledge
39,5,Demonstrates exceptional subject matter mastery
40,1,Focuses too much on theory with no practical examples
41,5,Provides clear and detailed explanations
42,1,Lacks depth in course content presentation
43,4,Establishes clear connections between theory and real-world applications
44,2,Uses disorganized slides and materials that confuse students
45,4,Promotes hands-on activities that enhance understanding
46,2,Delivers lectures without enthusiasm or passion
47,4,Utilizes adaptive technologies to personalize learning experiences
48,2,Uses ineffective examples that do not clarify the material
49,5,Creates interactive and dynamic classroom experiences
50,2,Provides incomplete or fragmented explanations
51,4,Innovative teaching methods that promote deep understanding
52,3,Presents information in a dry and uninteresting manner
53,4,Integrates interdisciplinary perspectives for holistic understanding
54,1,Fails to update course content to reflect current trends
55,4,Consistently updates course content with latest industry trends
56,3,Lacks awareness of students' progress and struggles
57,4,Engages students through immersive and experiential activities
58,1,Fails to maintain student engagement
59,4,Balances individual attention with group learning activities
60,1,Does not create opportunities for collaborative learning
61,4,Exceptional teacher who inspires critical thinking
62,3,Creates an unapproachable atmosphere for students
63,4,Fosters a growth mindset among students
64,3,Overwhelms students with excessive and poorly explained content
65,4,Instills confidence in students to tackle challenging problems
66,3,Does not provide timely feedback on assignments
67,5,Balances individual attention with group learning activities
68,3,Uses overly complex language that confuses students
69,4,Provides clear and detailed explanations
70,1,Fails to explain complex concepts effectively
71,4,Balances theoretical knowledge with practical applications
72,2,Demonstrates limited understanding of subject matter
73,5,Uses engaging multimedia resources to enhance learning
74,3,Does not create opportunities for collaborative learning
75,5,Uses a variety of assessment methods to gauge understanding
76,3,Leaves questions unanswered or dismisses them
77,5,Encourages collaborative learning among peers
78,1,"Frequently digresses into irrelevant topics, losing focus"
79,4,Engages students through immersive and experiential activities
80,2,Does not encourage classroom participation
81,5,Creates a welcoming environment for all students
82,3,Uses ineffective examples that do not clarify the material
83,4,Integrates interdisciplinary perspectives for holistic understanding
84,1,Fails to update course content to reflect current trends
85,5,Inspires a passion for lifelong learning in students
86,1,Does not provide timely feedback on assignments
87,4,Innovative teaching methods that promote deep understanding
88,1,Uses overly complex language that confuses students
89,5,Brings real-world expertise into classroom discussions
90,2,Lectures are monotonous and difficult to follow
91,4,Explains complex concepts with remarkable clarity
92,1,Creates an unapproachable atmosphere for students
93,5,Facilitates peer-to-peer learning to reinforce concepts
94,1,Demonstrates insufficient subject matter knowledge
95,4,Encourages self-directed exploration of advanced topics
96,1,Assigns tasks without providing adequate instructions
97,4,Demonstrates exceptional subject matter mastery
98,2,Fails to create clear connections between topics
99,5,Demonstrates deep subject matter expertise
100,2,Fails to explain complex concepts effectively
101,4,Encourages innovative thinking through thought-provoking questions
102,1,Provides confusing and unclear instructions
103,5,Utilizes adaptive technologies to personalize learning experiences
104,1,Neglects to provide context for complex ideas
105,4,Exceptional teacher who inspires critical thinking
106,1,Fails to address varying levels of student preparedness
107,5,Adapts teaching style to different learning needs
108,3,Lacks awareness of students' progress and struggles
109,4,Consistently updates course content with latest industry trends
110,3,Provides incomplete or fragmented explanations
111,5,"Explains abstract ideas with relatable, practical examples"
112,3,Lacks depth in course content presentation
113,4,Creates interactive and dynamic classroom experiences
114,1,Delivers lectures without enthusiasm or passion
115,4,Creates thought-provoking learning experiences
116,3,Uses outdated teaching methods and resources
117,5,Establishes clear connections between theory and real-world applications
118,3,Appears unapproachable and discourages questions
119,4,Masters the art of making difficult topics easily comprehensible
120,3,Overwhelms students with excessive and poorly explained content
121,4,Challenges students to think critically and creatively
122,2,Focuses too much on theory with no practical examples
123,4,Promotes hands-on activities that enhance understanding
124,3,Relies too heavily on textbook content
125,4,Incorporates cutting-edge research into the curriculum
126,2,Lacks clarity in explaining course material
127,5,Instills confidence in students to tackle challenging problems
128,1,Fails to maintain student engagement
129,5,Provides inspiring and motivational classroom discussions
130,1,Ignores suggestions for improvement from students
131,5,Fosters a growth mindset among students
132,1,Presents conflicting or contradictory information
133,5,Incorporates cutting-edge research into the curriculum
134,2,Fails to adapt teaching style to student needs
135,4,Masters the art of making difficult topics easily comprehensible
136,2,Expects unrealistic levels of prior knowledge
137,4,Uses engaging multimedia resources to enhance learning
138,3,Presents information in a dry and uninteresting manner
139,4,Balances theoretical knowledge with practical applications
140,2,Uses disorganized slides and materials that confuse students
141,5,Uses a variety of assessment methods to gauge understanding
142,2,Neglects to provide context for complex ideas
143,4,Fosters a growth mindset among students
144,1,Uses outdated teaching methods and resources
145,5,Demonstrates exceptional subject matter mastery
146,1,Delivers lectures without enthusiasm or passion
147,4,Encourages collaborative learning among peers
148,2,Does not encourage classroom participation
149,4,Exceptional teacher who inspires critical thinking
150,2,Expects unrealistic levels of prior knowledge
151,5,Demonstrates deep subject matter expertise
152,1,Overwhelms students with excessive and poorly explained content
153,5,Balances individual attention with group learning activities
154,1,Fails to update course content to reflect current trends
155,4,Engages students through immersive and experiential activities
156,1,Lacks clarity in explaining course material
157,4,Integrates interdisciplinary perspectives for holistic understanding
158,1,Lectures are monotonous and difficult to follow
159,5,Provides clear and detailed explanations
160,1,Presents information in a dry and uninteresting manner
161,4,Encourages self-directed exploration of advanced topics
162,1,Does not provide timely feedback on assignments
163,4,Creates thought-provoking learning experiences
164,1,Demonstrates insufficient subject matter knowledge
165,5,Creates interactive and dynamic classroom experiences
166,1,Does not create opportunities for collaborative learning
167,4,"Explains abstract ideas with relatable, practical examples"
168,3,Appears unapproachable and discourages questions
169,5,Creates a welcoming environment for all students
170,3,Creates an unapproachable atmosphere for students
171,5,Explains complex concepts with remarkable clarity
172,1,Lacks awareness of students' progress and struggles
173,5,Challenges students to think critically and creatively
174,3,Assigns tasks without providing adequate instructions
175,5,Brings real-world expertise into classroom discussions
176,2,Fails to address varying levels of student preparedness
177,4,Innovative teaching methods that promote deep understanding
178,1,Uses ineffective examples that do not clarify the material
179,4,Establishes clear connections between theory and real-world applications
180,1,Presents conflicting or contradictory information
181,5,Instills confidence in students to tackle challenging problems
182,3,Ignores suggestions for improvement from students
183,4,Utilizes adaptive technologies to personalize learning experiences
184,2,Leaves questions unanswered or dismisses them
185,4,Facilitates peer-to-peer learning to reinforce concepts
186,2,Provides incomplete or fragmented explanations
187,4,Promotes hands-on activities that enhance understanding
188,2,Focuses too much on theory with no practical examples
189,5,Provides inspiring and motivational classroom discussions
190,1,Demonstrates limited understanding of subject matter
191,5,Consistently updates course content with latest industry trends
192,2,Lacks depth in course content presentation
193,4,Encourages innovative thinking through thought-provoking questions
194,2,Provides confusing and unclear instructions
195,4,Adapts teaching style to different learning needs
196,2,Uses disorganized slides and materials that confuse students
197,4,Inspires a passion for lifelong learning in students
198,3,Fails to explain complex concepts effectively
199,4,Provides inspiring and motivational classroom discussions
200,3,Fails to create clear connections between topics
201,5,Creates interactive and dynamic classroom experiences
202,2,Uses overly complex language that confuses students
203,5,Creates thought-provoking learning experiences
204,1,Relies too heavily on textbook content
205,5,Facilitates peer-to-peer learning to reinforce concepts
206,2,Fails to adapt teaching style to student needs
207,4,Utilizes adaptive technologies to personalize learning experiences
208,3,"Frequently digresses into irrelevant topics, losing focus"
209,4,Promotes hands-on activities that enhance understanding
210,2,Fails to maintain student engagement
211,4,Encourages innovative thinking through thought-provoking questions
212,3,Focuses too much on theory with no practical examples
213,5,Demonstrates exceptional subject matter mastery
214,2,Demonstrates limited understanding of subject matter
215,5,"Explains abstract ideas with relatable, practical examples"
216,3,Uses disorganized slides and materials that confuse students
217,5,Uses a variety of assessment methods to gauge understanding
218,1,Lacks clarity in explaining course material
219,4,Integrates interdisciplinary perspectives for holistic understanding
220,3,Expects unrealistic levels of prior knowledge
221,5,Creates a welcoming environment for all students
222,1,Provides incomplete or fragmented explanations
223,4,Demonstrates deep subject matter expertise
224,2,Presents conflicting or contradictory information
225,5,Uses engaging multimedia resources to enhance learning
226,2,Provides confusing and unclear instructions
227,4,Adapts teaching style to different learning needs
228,1,Fails to adapt teaching style to student needs
229,5,Innovative teaching methods that promote deep understanding
230,3,Does not create opportunities for collaborative learning
231,5,Establishes clear connections between theory and real-world applications
232,3,Fails to maintain student engagement
233,5,Inspires a passion for lifelong learning in students
234,2,Relies too heavily on textbook content
235,5,Encourages self-directed exploration of advanced topics
236,2,Demonstrates insufficient subject matter knowledge
237,5,Balances theoretical knowledge with practical applications
238,2,Fails to address varying levels of student preparedness
239,4,Exceptional teacher who inspires critical thinking
240,3,Delivers lectures without enthusiasm or passion
241,4,Encourages collaborative learning among peers
242,1,Does not encourage classroom participation
243,5,Masters the art of making difficult topics easily comprehensible
244,2,Neglects to provide context for complex ideas
245,4,Balances individual attention with group learning activities
246,1,"Frequently digresses into irrelevant topics, losing focus"
247,5,Incorporates cutting-edge research into the curriculum
248,3,Does not provide timely feedback on assignments
249,5,Provides clear and detailed explanations
250,1,Lacks awareness of students' progress and struggles
251,5,Instills confidence in students to tackle challenging problems
252,1,Presents information in a dry and uninteresting manner
253,5,Consistently updates course content with latest industry trends
254,1,Fails to explain complex concepts effectively
255,5,Engages students through immersive and experiential activities
256,3,Leaves questions unanswered or dismisses them
257,5,Fosters a growth mindset among students
258,3,Fails to create clear connections between topics
259,4,Explains complex concepts with remarkable clarity
260,2,Uses outdated teaching methods and resources
261,5,Challenges students to think critically and creatively
262,3,Creates an unapproachable atmosphere for students
263,5,Brings real-world expertise into classroom discussions
264,1,Overwhelms students with excessive and poorly explained content
265,5,Provides inspiring and motivational classroom discussions
266,1,Lacks depth in course content presentation
267,5,Demonstrates exceptional subject matter mastery
268,1,Ignores suggestions for improvement from students
269,5,Fosters a growth mindset among students
270,3,Appears unapproachable and discourages questions
271,5,Creates thought-provoking learning experiences
272,3,Assigns tasks without providing adequate instructions
273,4,Facilitates peer-to-peer learning to reinforce concepts
274,2,Uses overly complex language that confuses students
275,5,Challenges students to think critically and creatively
276,3,Lectures are monotonous and difficult to follow
277,4,Encourages collaborative learning among peers
278,2,Uses ineffective examples that do not clarify the material
279,4,Balances individual attention with group learning activities
280,2,Fails to update course content to reflect current trends
281,4,"Explains abstract ideas with relatable, practical examples"
282,2,Lacks depth in course content presentation
283,4,Exceptional teacher who inspires critical thinking
284,1,Lacks clarity in explaining course material
285,4,Uses a variety of assessment methods to gauge understanding
286,3,Relies too heavily on textbook content
287,5,Innovative teaching methods that promote deep understanding
288,2,Expects unrealistic levels of prior knowledge
289,4,Creates interactive and dynamic classroom experiences
290,1,Does not provide timely feedback on assignments
291,5,Uses engaging multimedia resources to enhance learning
292,1,Leaves questions unanswered or dismisses them
293,5,Establishes clear connections between theory and real-world applications
294,2,Uses disorganized slides and materials that confuse students
295,4,Brings real-world expertise into classroom discussions
296,2,Does not create opportunities for collaborative learning
297,5,Engages students through immersive and experiential activities
298,3,Lectures are monotonous and difficult to follow
299,4,Instills confidence in students to tackle challenging problems
300,3,Fails to create clear connections between topics
301,5,Creates a welcoming environment for all students
302,1,Uses ineffective examples that do not clarify the material
303,5,Utilizes adaptive technologies to personalize learning experiences
304,3,Demonstrates insufficient subject matter knowledge
305,4,Encourages innovative thinking through thought-provoking questions
306,1,Fails to address varying levels of student preparedness
307,5,Masters the art of making difficult topics easily comprehensible
308,2,Appears unapproachable and discourages questions
309,4,Inspires a passion for lifelong learning in students
310,3,Neglects to provide context for complex ideas
311,5,Balances theoretical knowledge with practical applications
312,2,"Frequently digresses into irrelevant topics, losing focus"
313,5,Explains complex concepts with remarkable clarity
314,2,Uses overly complex language that confuses students
315,4,Demonstrates deep subject matter expertise
316,2,Fails to maintain student engagement
317,5,Adapts teaching style to different learning needs
318,3,Provides confusing and unclear instructions
319,4,Promotes hands-on activities that enhance understanding
320,1,Ignores suggestions for improvement from students
321,5,Encourages self-directed exploration of advanced topics
322,3,Assigns tasks without providing adequate instructions
323,5,Integrates interdisciplinary perspectives for holistic understanding
324,3,Presents conflicting or contradictory information
325,5,Incorporates cutting-edge research into the curriculum
326,3,Creates an unapproachable atmosphere for students
327,4,Consistently updates course content with latest industry trends
328,3,Delivers lectures without enthusiasm or passion
329,5,Provides clear and detailed explanations
330,2,Does not encourage classroom participation
331,5,Exceptional teacher who inspires critical thinking
332,2,Presents information in a dry and uninteresting manner
333,4,Masters the art of making difficult topics easily comprehensible
334,2,Provides incomplete or fragmented explanations
335,5,Demonstrates deep subject matter expertise
336,3,Uses outdated teaching methods and resources
337,5,Inspires a passion for lifelong learning in students
338,1,Fails to update course content to reflect current trends
339,4,Utilizes adaptive technologies to personalize learning experiences
340,1,Fails to adapt teaching style to student needs
341,4,Facilitates peer-to-peer learning to reinforce concepts
342,1,Demonstrates limited understanding of subject matter
343,4,Uses a variety of assessment methods to gauge understanding
344,3,Focuses too much on theory with no practical examples
345,5,Incorporates cutting-edge research into the curriculum
346,3,Fails to explain complex concepts effectively
347,4,Encourages innovative thinking through thought-provoking questions
348,2,Overwhelms students with excessive and poorly explained content
349,5,Adapts teaching style to different learning needs
350,3,Lacks awareness of students' progress and struggles
351,4,Challenges students to think critically and creatively
352,3,Lectures are monotonous and difficult to follow
353,4,Encourages collaborative learning among peers
354,2,Expects unrealistic levels of prior knowledge
355,4,Creates interactive and dynamic classroom experiences
356,3,Lacks awareness of students' progress and struggles
357,4,Balances individual attention with group learning activities
358,1,Fails to adapt teaching style to student needs
359,5,Innovative teaching methods that promote deep understanding
360,1,Ignores suggestions for improvement from students
361,5,Consistently updates course content with latest industry trends
362,2,Relies too heavily on textbook content
363,5,Engages students through immersive and experiential activities
364,2,Uses ineffective examples that do not clarify the material
365,5,Provides clear and detailed explanations
366,2,Fails to update course content to reflect current trends
367,4,Explains complex concepts with remarkable clarity
368,1,Neglects to provide context for complex ideas
369,5,Brings real-world expertise into classroom discussions
370,1,Appears unapproachable and discourages questions
371,4,Creates a welcoming environment for all students
372,1,Delivers lectures without enthusiasm or passion
373,5,"Explains abstract ideas with relatable, practical examples"
374,1,Assigns tasks without providing adequate instructions
375,5,Creates thought-provoking learning experiences
376,3,Fails to create clear connections between topics
377,4,Balances theoretical knowledge with practical applications
378,3,Lacks clarity in explaining course material
379,5,Instills confidence in students to tackle challenging problems
380,3,Creates an unapproachable atmosphere for students
381,4,Encourages self-directed exploration of advanced topics
382,2,"Frequently digresses into irrelevant topics, losing focus"
383,5,Uses engaging multimedia resources to enhance learning
384,1,Presents conflicting or contradictory information
385,4,Provides inspiring and motivational classroom discussions
386,1,Fails to maintain student engagement
387,4,Integrates interdisciplinary perspectives for holistic understanding
388,3,Presents information in a dry and uninteresting manner
389,5,Promotes hands-on activities that enhance understanding
390,2,Fails to address varying levels of student preparedness
391,4,Establishes clear connections between theory and real-world applications
392,3,Overwhelms students with excessive and poorly explained content
393,4,Demonstrates exceptional subject matter mastery
394,1,Demonstrates limited understanding of subject matter
395,5,Fosters a growth mindset among students
396,3,Does not create opportunities for collaborative learning
397,4,Creates interactive and dynamic classroom experiences
398,3,Provides incomplete or fragmented explanations
399,5,Adapts teaching style to different learning needs
400,1,Fails to explain complex concepts effectively
401,5,Promotes hands-on activities that enhance understanding
402,2,Lacks depth in course content presentation
403,4,Provides inspiring and motivational classroom discussions
404,2,Uses disorganized slides and materials that confuse students
405,4,Masters the art of making difficult topics easily comprehensible
406,3,Demonstrates insufficient subject matter knowledge
407,4,Explains complex concepts with remarkable clarity
408,1,Leaves questions unanswered or dismisses them
409,5,Encourages innovative thinking through thought-provoking questions
410,1,Does not encourage classroom participation
411,5,Balances individual attention with group learning activities
412,1,Does not provide timely feedback on assignments
413,5,Demonstrates deep subject matter expertise
414,2,Provides confusing and unclear instructions
415,4,Provides clear and detailed explanations
416,2,Uses outdated teaching methods and resources
417,4,Instills confidence in students to tackle challenging problems
418,1,Focuses too much on theory with no practical examples
419,4,Uses engaging multimedia resources to enhance learning
420,3,Uses overly complex language that confuses students
421,4,Encourages self-directed exploration of advanced topics
422,2,Overwhelms students with excessive and poorly explained content
423,4,Uses a variety of assessment methods to gauge understanding
424,3,Leaves questions unanswered or dismisses them
425,4,Demonstrates exceptional subject matter mastery
426,1,Uses ineffective examples that do not clarify the material
427,5,Encourages collaborative learning among peers
428,3,Neglects to provide context for complex ideas
429,5,Engages students through immersive and experiential activities
430,2,Ignores suggestions for improvement from students
431,5,Consistently updates course content with latest industry trends
432,2,Does not provide timely feedback on assignments
433,4,Brings real-world expertise into classroom discussions
434,3,Fails to update course content to reflect current trends
435,5,Creates a welcoming environment for all students
436,1,Lacks clarity in explaining course material
437,5,Exceptional teacher who inspires critical thinking
438,3,Fails to adapt teaching style to student needs
439,4,Innovative teaching methods that promote deep understanding
440,2,Does not create opportunities for collaborative learning
441,5,Challenges students to think critically and creatively
442,3,Creates an unapproachable atmosphere for students
443,5,Creates thought-provoking learning experiences
444,3,Appears unapproachable and discourages questions
445,4,Inspires a passion for lifelong learning in students
446,3,Fails to explain complex concepts effectively
447,4,Balances theoretical knowledge with practical applications
448,1,Provides incomplete or fragmented explanations
449,5,Utilizes adaptive technologies to personalize learning experiences
450,1,Lacks awareness of students' progress and struggles
451,5,Integrates interdisciplinary perspectives for holistic understanding
452,2,Lacks depth in course content presentation
453,5,Fosters a growth mindset among students
454,2,Focuses too much on theory with no practical examples
455,4,Incorporates cutting-edge research into the curriculum
456,2,Uses outdated teaching methods and resources
457,4,Facilitates peer-to-peer learning to reinforce concepts
458,3,Fails to address varying levels of student preparedness
459,5,Establishes clear connections between theory and real-world applications
460,1,Does not encourage classroom participation
461,4,"Explains abstract ideas with relatable, practical examples"
462,3,Fails to create clear connections between topics
463,4,Inspires a passion for lifelong learning in students
464,2,Uses disorganized slides and materials that confuse students
465,4,Incorporates cutting-edge research into the curriculum
466,3,Delivers lectures without enthusiasm or passion
467,5,Balances theoretical knowledge with practical applications
468,1,Presents information in a dry and uninteresting manner
469,5,Masters the art of making difficult topics easily comprehensible
470,2,Relies too heavily on textbook content
471,5,Uses engaging multimedia resources to enhance learning
472,3,"Frequently digresses into irrelevant topics, losing focus"
473,4,Encourages innovative thinking through thought-provoking questions
474,2,Fails to maintain student engagement
475,5,Provides inspiring and motivational classroom discussions
476,2,Demonstrates limited understanding of subject matter
477,5,Provides clear and detailed explanations
478,3,Presents conflicting or contradictory information
479,4,Encourages collaborative learning among peers
480,3,Provides confusing and unclear instructions
481,4,Integrates interdisciplinary perspectives for holistic understanding
482,3,Assigns tasks without providing adequate instructions
483,5,Encourages self-directed exploration of advanced topics
484,3,Demonstrates insufficient subject matter knowledge
485,5,Instills confidence in students to tackle challenging problems
486,3,Uses overly complex language that confuses students
487,5,Creates interactive and dynamic classroom experiences
488,2,Expects unrealistic levels of prior knowledge
489,5,Engages students through immersive and experiential activities
490,2,Lectures are monotonous and difficult to follow
491,5,Innovative teaching methods that promote deep understanding
492,1,Fails to address varying levels of student preparedness
493,5,Demonstrates exceptional subject matter mastery
494,1,Fails to explain complex concepts effectively
495,5,Uses a variety of assessment methods to gauge understanding
496,3,Fails to create clear connections between topics
497,4,Establishes clear connections between theory and real-world applications
498,2,Fails to update course content to reflect current trends
499,5,Utilizes adaptive technologies to personalize learning experiences
500,2,Assigns tasks without providing adequate instructions
501,4,Exceptional teacher who inspires critical thinking
502,1,Provides confusing and unclear instructions
503,4,Consistently updates course content with latest industry trends
504,1,Fails to maintain student engagement
505,5,Creates thought-provoking learning experiences
506,1,Uses outdated teaching methods and resources
507,5,Creates a welcoming environment for all students
508,3,Lacks clarity in explaining course material
509,4,Facilitates peer-to-peer learning to reinforce concepts
510,2,Demonstrates insufficient subject matter knowledge
511,5,Adapts teaching style to different learning needs
512,1,Relies too heavily on textbook content
513,4,Balances individual attention with group learning activities
514,1,Appears unapproachable and discourages questions
515,4,Explains complex concepts with remarkable clarity
516,1,Expects unrealistic levels of prior knowledge
517,5,Challenges students to think critically and creatively
518,2,Does not provide timely feedback on assignments
519,5,Promotes hands-on activities that enhance understanding
520,3,Uses overly complex language that confuses students
521,4,Fosters a growth mindset among students
522,2,Uses ineffective examples that do not clarify the material
523,5,"Explains abstract ideas with relatable, practical examples"
524,2,Presents information in a dry and uninteresting manner
525,5,Brings real-world expertise into classroom discussions
526,1,Fails to adapt teaching style to student needs
527,5,Demonstrates deep subject matter expertise
528,3,Does not create opportunities for collaborative learning
529,4,Creates a welcoming environment for all students
530,1,Demonstrates limited understanding of subject matter
531,5,Consistently updates course content with latest industry trends
532,2,"Frequently digresses into irrelevant topics, losing focus"
533,5,Inspires a passion for lifelong learning in students
534,1,Lacks depth in course content presentation
535,4,Balances theoretical knowledge with practical applications
536,2,Neglects to provide context for complex ideas
537,5,Encourages self-directed exploration of advanced topics
538,2,Lacks awareness of students' progress and struggles
539,4,Engages students through immersive and experiential activities
540,1,Lectures are monotonous and difficult to follow
541,4,Exceptional teacher who inspires critical thinking
542,1,Ignores suggestions for improvement from students
543,5,Innovative teaching methods that promote deep understanding
544,2,Delivers lectures without enthusiasm or passion
545,5,Fosters a growth mindset among students
546,3,Focuses too much on theory with no practical examples
547,4,Uses a variety of assessment methods to gauge understanding
548,1,Presents conflicting or contradictory information
549,5,Demonstrates exceptional subject matter mastery
550,2,Leaves questions unanswered or dismisses them
551,5,Incorporates cutting-edge research into the curriculum
552,2,Provides incomplete or fragmented explanations
553,4,Balances individual attention with group learning activities
554,1,Uses disorganized slides and materials that confuse students
555,4,Provides inspiring and motivational classroom discussions
556,1,Creates an unapproachable atmosphere for students
557,5,Demonstrates deep subject matter expertise
558,1,Overwhelms students with excessive and poorly explained content
559,5,Facilitates peer-to-peer learning to reinforce concepts
560,3,Does not encourage classroom participation
561,4,Explains complex concepts with remarkable clarity
562,2,Appears unapproachable and discourages questions
563,5,Brings real-world expertise into classroom discussions
564,2,Does not create opportunities for collaborative learning
565,5,Challenges students to think critically and creatively
566,3,"Frequently digresses into irrelevant topics, losing focus"
567,5,Promotes hands-on activities that enhance understanding
568,3,Does not encourage classroom participation
569,5,Provides clear and detailed explanations
570,2,Fails to create clear connections between topics
571,4,Integrates interdisciplinary perspectives for holistic understanding
572,1,Lectures are monotonous and difficult to follow
573,4,Instills confidence in students to tackle challenging problems
574,1,Does not provide timely feedback on assignments
575,4,Encourages collaborative learning among peers
576,3,Relies too heavily on textbook content
577,4,Adapts teaching style to different learning needs
578,1,Uses ineffective examples that do not clarify the material
579,5,Creates interactive and dynamic classroom experiences
580,3,Neglects to provide context for complex ideas
581,5,Establishes clear connections between theory and real-world applications
582,3,Uses overly complex language that confuses students
583,4,Creates thought-provoking learning experiences
584,3,Leaves questions unanswered or dismisses them
585,5,Uses engaging multimedia resources to enhance learning
586,2,Uses outdated teaching methods and resources
587,5,"Explains abstract ideas with relatable, practical examples"
588,2,Fails to update course content to reflect current trends
589,4,Masters the art of making difficult topics easily comprehensible
590,3,Lacks awareness of students' progress and struggles
591,5,Encourages innovative thinking through thought-provoking questions
592,1,Provides incomplete or fragmented explanations
593,5,Utilizes adaptive technologies to personalize learning experiences
594,3,Lacks depth in course content presentation
595,4,Encourages self-directed exploration of advanced topics
596,1,Fails to explain complex concepts effectively
597,5,Encourages innovative thinking through thought-provoking questions
598,3,Focuses too much on theory with no practical examples
599,5,Fosters a growth mindset among students
600,1,Fails to adapt teaching style to student needs
601,4,Masters the art of making difficult topics easily comprehensible
602,2,Overwhelms students with excessive and poorly explained content
603,5,Brings real-world expertise into classroom discussions
604,1,Lacks clarity in explaining course material
605,4,Provides clear and detailed explanations
606,2,Provides confusing and unclear instructions
607,5,Balances individual attention with group learning activities
608,3,Fails to address varying levels of student preparedness
609,4,Utilizes adaptive technologies to personalize learning experiences
610,3,Fails to maintain student engagement
611,4,Instills confidence in students to tackle challenging problems
612,3,Presents conflicting or contradictory information
613,5,Creates thought-provoking learning experiences
614,3,Presents information in a dry and uninteresting manner
615,5,Demonstrates deep subject matter expertise
616,3,Uses disorganized slides and materials that confuse students
617,4,Challenges students to think critically and creatively
618,1,Ignores suggestions for improvement from students
619,5,Inspires a passion for lifelong learning in students
620,3,Demonstrates insufficient subject matter knowledge
621,5,Promotes hands-on activities that enhance understanding
622,3,Expects unrealistic levels of prior knowledge
623,4,Creates a welcoming environment for all students
624,3,Assigns tasks without providing adequate instructions
625,5,Provides inspiring and motivational classroom discussions
626,2,Delivers lectures without enthusiasm or passion
627,5,Adapts teaching style to different learning needs
628,2,Creates an unapproachable atmosphere for students
629,4,Explains complex concepts with remarkable clarity
630,1,Demonstrates limited understanding of subject matter
631,4,Engages students through immersive and experiential activities
632,2,Neglects to provide context for complex ideas
633,5,Creates interactive and dynamic classroom experiences
634,2,Creates an unapproachable atmosphere for students
635,5,Exceptional teacher who inspires critical thinking
636,1,Uses disorganized slides and materials that confuse students
637,5,"Explains abstract ideas with relatable, practical examples"
638,2,Lacks awareness of students' progress and struggles
639,5,Incorporates cutting-edge research into the curriculum
640,1,Lacks clarity in explaining course material
641,4,Consistently updates course content with latest industry trends
642,3,Expects unrealistic levels of prior knowledge
643,5,Integrates interdisciplinary perspectives for holistic understanding
644,3,Fails to update course content to reflect current trends
645,5,Establishes clear connections between theory and real-world applications
646,1,Appears unapproachable and discourages questions
647,4,Encourages collaborative learning among peers
648,3,Uses overly complex language that confuses students
649,5,Innovative teaching methods that promote deep understanding
650,2,Lacks depth in course content presentation
651,5,Uses a variety of assessment methods to gauge understanding
652,1,Demonstrates limited understanding of subject matter
653,4,Demonstrates exceptional subject matter mastery
654,2,Leaves questions unanswered or dismisses them
655,5,Uses engaging multimedia resources to enhance learning
656,3,Does not create opportunities for collaborative learning
657,4,Balances theoretical knowledge with practical applications
658,3,Relies too heavily on textbook content
659,4,Facilitates peer-to-peer learning to reinforce concepts
660,3,Does not encourage classroom participation
661,4,Encourages self-directed exploration of advanced topics
662,1,Uses outdated teaching methods and resources
663,4,Provides clear and detailed explanations
664,3,Fails to explain complex concepts effectively
665,5,Utilizes adaptive technologies to personalize learning experiences
666,2,Provides incomplete or fragmented explanations
667,5,Balances theoretical knowledge with practical applications
668,3,Ignores suggestions for improvement from students
669,4,Challenges students to think critically and creatively
670,1,Lectures are monotonous and difficult to follow
671,4,Demonstrates deep subject matter expertise
672,3,"Frequently digresses into irrelevant topics, losing focus"
673,4,Demonstrates exceptional subject matter mastery
674,1,Fails to adapt teaching style to student needs
675,5,Brings real-world expertise into classroom discussions
676,1,Uses ineffective examples that do not clarify the material
677,5,Adapts teaching style to different learning needs
678,1,Presents information in a dry and uninteresting manner
679,5,Instills confidence in students to tackle challenging problems
680,2,Presents conflicting or contradictory information
681,4,"Explains abstract ideas with relatable, practical examples"
682,1,Fails to maintain student engagement
683,4,Integrates interdisciplinary perspectives for holistic understanding
684,1,Assigns tasks without providing adequate instructions
685,4,Incorporates cutting-edge research into the curriculum
686,2,Provides confusing and unclear instructions
687,4,Exceptional teacher who inspires critical thinking
688,1,Overwhelms students with excessive and poorly explained content
689,5,Provides inspiring and motivational classroom discussions
690,3,Fails to address varying levels of student preparedness
691,4,Creates interactive and dynamic classroom experiences
692,3,Demonstrates insufficient subject matter knowledge
693,4,Engages students through immersive and experiential activities
694,1,Focuses too much on theory with no practical examples
695,4,Creates thought-provoking learning experiences
696,1,Fails to create clear connections between topics
697,4,Encourages collaborative learning among peers
698,2,Delivers lectures without enthusiasm or passion
699,5,Promotes hands-on activities that enhance understanding
700,3,Does not provide timely feedback on assignments
701,4,Consistently updates course content with latest industry trends
702,2,Relies too heavily on textbook content
703,5,Innovative teaching methods that promote deep understanding
704,3,Fails to maintain student engagement
705,4,Balances individual attention with group learning activities
706,1,Presents conflicting or contradictory information
707,5,Uses a variety of assessment methods to gauge understanding
708,2,Does not provide timely feedback on assignments
709,4,Facilitates peer-to-peer learning to reinforce concepts
710,3,Fails to explain complex concepts effectively
711,5,Uses engaging multimedia resources to enhance learning
712,1,Does not create opportunities for collaborative learning
713,5,Establishes clear connections between theory and real-world applications
714,2,Creates an unapproachable atmosphere for students
715,5,Fosters a growth mindset among students
716,1,Lectures are monotonous and difficult to follow
717,5,Encourages innovative thinking through thought-provoking questions
718,1,Presents information in a dry and uninteresting manner
719,4,Creates a welcoming environment for all students
720,3,Ignores suggestions for improvement from students
721,4,Inspires a passion for lifelong learning in students
722,2,Delivers lectures without enthusiasm or passion
723,5,Masters the art of making difficult topics easily comprehensible
724,1,Leaves questions unanswered or dismisses them
725,4,Explains complex concepts with remarkable clarity
726,3,Fails to create clear connections between topics
727,4,Adapts teaching style to different learning needs
728,2,Overwhelms students with excessive and poorly explained content
729,5,Creates interactive and dynamic classroom experiences
730,3,Uses ineffective examples that do not clarify the material
731,4,Demonstrates exceptional subject matter mastery
732,3,Does not encourage classroom participation
733,5,Encourages self-directed exploration of advanced topics
734,1,Focuses too much on theory with no practical examples
735,5,Exceptional teacher who inspires critical thinking
736,3,Assigns tasks without providing adequate instructions
737,5,Integrates interdisciplinary perspectives for holistic understanding
738,1,Fails to update course content to reflect current trends
739,5,Creates thought-provoking learning experiences
740,2,Expects unrealistic levels of prior knowledge
741,5,Uses a variety of assessment methods to gauge understanding
742,2,Fails to address varying levels of student preparedness
743,5,Instills confidence in students to tackle challenging problems
744,1,Provides confusing and unclear instructions
745,4,Promotes hands-on activities that enhance understanding
746,3,Fails to adapt teaching style to student needs
747,4,Utilizes adaptive technologies to personalize learning experiences
748,2,Demonstrates insufficient subject matter knowledge
749,5,Creates a welcoming environment for all students
750,2,Demonstrates limited understanding of subject matter
751,5,Establishes clear connections between theory and real-world applications
752,3,Uses disorganized slides and materials that confuse students
753,5,Encourages collaborative learning among peers
754,3,Lacks clarity in explaining course material
755,4,Demonstrates deep subject matter expertise
756,2,Provides incomplete or fragmented explanations
757,4,Masters the art of making difficult topics easily comprehensible
758,3,"Frequently digresses into irrelevant topics, losing focus"
759,5,Encourages innovative thinking through thought-provoking questions
760,3,Appears unapproachable and discourages questions
761,4,Balances theoretical knowledge with practical applications
762,2,Lacks awareness of students' progress and struggles
763,5,Challenges students to think critically and creatively
764,3,Lacks depth in course content presentation
765,5,Inspires a passion for lifelong learning in students
766,3,Neglects to provide context for complex ideas
767,4,Provides clear and detailed explanations
768,1,Uses outdated teaching methods and resources
769,5,Brings real-world expertise into classroom discussions
770,1,Uses overly complex language that confuses students
771,4,Uses engaging multimedia resources to enhance learning
772,1,Presents conflicting or contradictory information
773,4,Facilitates peer-to-peer learning to reinforce concepts
774,1,Does not encourage classroom participation
775,5,Innovative teaching methods that promote deep understanding
776,1,Overwhelms students with excessive and poorly explained content
777,5,Fosters a growth mindset among students
778,3,Fails to address varying levels of student preparedness
779,4,Engages students through immersive and experiential activities
780,2,Uses ineffective examples that do not clarify the material
781,4,"Explains abstract ideas with relatable, practical examples"
782,3,Provides incomplete or fragmented explanations
783,5,Consistently updates course content with latest industry trends
784,2,Does not provide timely feedback on assignments
785,4,Explains complex concepts with remarkable clarity
786,2,Ignores suggestions for improvement from students
787,4,Incorporates cutting-edge research into the curriculum
788,2,Fails to explain complex concepts effectively
789,5,Provides inspiring and motivational classroom discussions
790,2,Expects unrealistic levels of prior knowledge
791,4,Balances individual attention with group learning activities
792,2,Appears unapproachable and discourages questions
793,4,Demonstrates deep subject matter expertise
794,1,Fails to adapt teaching style to student needs
795,4,Provides inspiring and motivational classroom discussions
796,3,Fails to update course content to reflect current trends
797,5,Consistently updates course content with latest industry trends
798,1,Creates an unapproachable atmosphere for students
799,5,Facilitates peer-to-peer learning to reinforce concepts
800,2,Focuses too much on theory with no practical examples
801,5,Promotes hands-on activities that enhance understanding
802,2,Lacks clarity in explaining course material
803,4,Creates thought-provoking learning experiences
804,2,Lacks depth in course content presentation
805,5,Exceptional teacher who inspires critical thinking
806,2,Leaves questions unanswered or dismisses them
807,4,Brings real-world expertise into classroom discussions
808,2,Provides confusing and unclear instructions
809,5,Demonstrates exceptional subject matter mastery
810,2,Relies too heavily on textbook content
811,5,Encourages self-directed exploration of advanced topics
812,3,Uses disorganized slides and materials that confuse students
813,4,Encourages collaborative learning among peers
814,1,Lacks awareness of students' progress and struggles
815,5,Establishes clear connections between theory and real-world applications
816,1,Presents information in a dry and uninteresting manner
817,5,Integrates interdisciplinary perspectives for holistic understanding
818,2,Uses outdated teaching methods and resources
819,4,Uses engaging multimedia resources to enhance learning
820,2,Delivers lectures without enthusiasm or passion
821,5,Masters the art of making difficult topics easily comprehensible
822,1,Lectures are monotonous and difficult to follow
823,4,Explains complex concepts with remarkable clarity
824,3,Does not create opportunities for collaborative learning
825,5,Creates a welcoming environment for all students
826,2,Demonstrates limited understanding of subject matter
827,4,Innovative teaching methods that promote deep understanding
828,2,Demonstrates insufficient subject matter knowledge
829,5,Encourages innovative thinking through thought-provoking questions
830,1,Assigns tasks without providing adequate instructions
831,5,"Explains abstract ideas with relatable, practical examples"
832,3,Uses overly complex language that confuses students
833,4,Instills confidence in students to tackle challenging problems
834,3,Fails to create clear connections between topics
835,5,Utilizes adaptive technologies to personalize learning experiences
836,1,Neglects to provide context for complex ideas
837,5,Uses a variety of assessment methods to gauge understanding
838,1,"Frequently digresses into irrelevant topics, losing focus"
839,5,Inspires a passion for lifelong learning in students
840,3,Fails to maintain student engagement
841,5,Incorporates cutting-edge research into the curriculum
842,3,Does not provide timely feedback on assignments
843,5,Fosters a growth mindset among students
844,2,Uses ineffective examples that do not clarify the material
845,5,Balances individual attention with group learning activities
846,1,Fails to address varying levels of student preparedness
847,4,Challenges students to think critically and creatively
848,3,Presents conflicting or contradictory information
849,5,Adapts teaching style to different learning needs
850,2,Does not create opportunities for collaborative learning
851,5,Provides clear and detailed explanations
852,1,Lacks awareness of students' progress and struggles
853,4,Engages students through immersive and experiential activities
854,3,Uses disorganized slides and materials that confuse students
855,5,Creates interactive and dynamic classroom experiences
856,3,Delivers lectures without enthusiasm or passion
857,4,Balances theoretical knowledge with practical applications
858,1,Fails to update course content to reflect current trends
859,5,Demonstrates deep subject matter expertise
860,1,Neglects to provide context for complex ideas
861,4,Utilizes adaptive technologies to personalize learning experiences
862,2,Lectures are monotonous and difficult to follow
863,5,Creates a welcoming environment for all students
864,2,Fails to create clear connections between topics
865,5,Uses engaging multimedia resources to enhance learning
866,3,Ignores suggestions for improvement from students
867,4,Balances theoretical knowledge with practical applications
868,1,Fails to explain complex concepts effectively
869,5,Establishes clear connections between theory and real-world applications
870,1,Focuses too much on theory with no practical examples
871,5,Engages students through immersive and experiential activities
872,2,Lacks clarity in explaining course material
873,5,Promotes hands-on activities that enhance understanding
874,3,Fails to adapt teaching style to student needs
875,5,Encourages collaborative learning among peers
876,1,Presents information in a dry and uninteresting manner
877,4,Consistently updates course content with latest industry trends
878,1,"Frequently digresses into irrelevant topics, losing focus"
879,5,Encourages innovative thinking through thought-provoking questions
880,3,Assigns tasks without providing adequate instructions
881,4,Integrates interdisciplinary perspectives for holistic understanding
882,3,Uses overly complex language that confuses students
883,4,Inspires a passion for lifelong learning in students
884,1,Fails to maintain student engagement
885,5,Facilitates peer-to-peer learning to reinforce concepts
886,2,Overwhelms students with excessive and poorly explained content
887,4,Instills confidence in students to tackle challenging problems
888,3,Provides confusing and unclear instructions
889,5,Challenges students to think critically and creatively
890,1,Does not encourage classroom participation
891,4,Incorporates cutting-edge research into the curriculum
892,3,Demonstrates limited understanding of subject matter
893,4,Creates interactive and dynamic classroom experiences
894,2,Relies too heavily on textbook content
895,5,Exceptional teacher who inspires critical thinking
896,1,Lacks depth in course content presentation
897,5,Uses a variety of assessment methods to gauge understanding
898,1,Expects unrealistic levels of prior knowledge
899,5,Provides inspiring and motivational classroom discussions
900,2,Uses outdated teaching methods and resources
901,4,Masters the art of making difficult topics easily comprehensible
902,1,Leaves questions unanswered or dismisses them
903,4,Encourages self-directed exploration of advanced topics
904,1,Provides incomplete or fragmented explanations
905,4,Provides clear and detailed explanations
906,2,Demonstrates insufficient subject matter knowledge
907,4,Explains complex concepts with remarkable clarity
908,1,Creates an unapproachable atmosphere for students
909,5,Demonstrates exceptional subject matter mastery
910,2,Appears unapproachable and discourages questions
911,4,Balances individual attention with group learning activities
912,1,Focuses too much on theory with no practical examples
913,4,Brings real-world expertise into classroom discussions
914,2,Provides incomplete or fragmented explanations
915,5,"Explains abstract ideas with relatable, practical examples"
916,3,Demonstrates insufficient subject matter knowledge
917,4,Adapts teaching style to different learning needs
918,1,Overwhelms students with excessive and poorly explained content
919,5,Fosters a growth mindset among students
920,3,Fails to create clear connections between topics
921,4,Innovative teaching methods that promote deep understanding
922,2,Fails to update course content to reflect current trends
923,5,Creates thought-provoking learning experiences
924,2,Appears unapproachable and discourages questions
925,4,Challenges students to think critically and creatively
926,3,"Frequently digresses into irrelevant topics, losing focus"
927,4,Encourages collaborative learning among peers
928,2,Relies too heavily on textbook content
929,5,Demonstrates exceptional subject matter mastery
930,3,Lectures are monotonous and difficult to follow
931,4,"Explains abstract ideas with relatable, practical examples"
932,1,Expects unrealistic levels of prior knowledge
933,4,Uses engaging multimedia resources to enhance learning
934,2,Assigns tasks without providing adequate instructions
935,5,Encourages innovative thinking through thought-provoking questions
936,1,Uses outdated teaching methods and resources
937,5,Balances individual attention with group learning activities
938,2,Presents information in a dry and uninteresting manner
939,5,Creates a welcoming environment for all students
940,1,Leaves questions unanswered or dismisses them
941,5,Uses a variety of assessment methods to gauge understanding
942,2,Ignores suggestions for improvement from students
943,5,Provides clear and detailed explanations
944,1,Provides confusing and unclear instructions
945,4,Integrates interdisciplinary perspectives for holistic understanding
946,3,Delivers lectures without enthusiasm or passion
947,4,Promotes hands-on activities that enhance understanding
948,3,Lacks depth in course content presentation
949,5,Instills confidence in students to tackle challenging problems
950,1,Does not encourage classroom participation
951,4,Demonstrates deep subject matter expertise
952,1,Neglects to provide context for complex ideas
953,4,Exceptional teacher who inspires critical thinking
954,1,Uses overly complex language that confuses students
955,5,Incorporates cutting-edge research into the curriculum
956,1,Lacks clarity in explaining course material
957,4,Creates interactive and dynamic classroom experiences
958,3,Fails to address varying levels of student preparedness
959,5,Engages students through immersive and experiential activities
960,2,Creates an unapproachable atmosphere for students
961,4,Facilitates peer-to-peer learning to reinforce concepts
962,1,Does not create opportunities for collaborative learning
963,4,Fosters a growth mindset among students
964,1,Uses disorganized slides and materials that confuse students
965,4,Creates thought-provoking learning experiences
966,1,Lacks awareness of students' progress and struggles
967,5,Adapts teaching style to different learning needs
968,3,Does not provide timely feedback on assignments
969,4,Utilizes adaptive technologies to personalize learning experiences
970,3,Uses ineffective examples that do not clarify the material
971,5,Consistently updates course content with latest industry trends
972,1,Fails to maintain student engagement
973,4,Explains complex concepts with remarkable clarity
974,1,Demonstrates limited understanding of subject matter
975,5,Provides inspiring and motivational classroom discussions
976,2,Fails to explain complex concepts effectively
977,4,Inspires a passion for lifelong learning in students
978,2,Fails to adapt teaching style to student needs
979,4,Encourages self-directed exploration of advanced topics
980,2,Presents conflicting or contradictory information
981,4,Innovative teaching methods that promote deep understanding
982,3,Focuses too much on theory with no practical examples
983,5,Balances theoretical knowledge with practical applications
984,2,Neglects to provide context for complex ideas
985,5,Establishes clear connections between theory and real-world applications
986,1,Uses overly complex language that confuses students
987,4,Brings real-world expertise into classroom discussions
988,2,Fails to maintain student engagement
989,5,Masters the art of making difficult topics easily comprehensible
990,2,Fails to create clear connections between topics
991,5,Uses engaging multimedia resources to enhance learning
992,3,Demonstrates limited understanding of subject matter
993,4,Creates interactive and dynamic classroom experiences
994,2,Creates an unapproachable atmosphere for students
995,5,Promotes hands-on activities that enhance understanding
996,2,Presents information in a dry and uninteresting manner
997,4,Uses a variety of assessment methods to gauge understanding
998,1,Presents conflicting or contradictory information
999,5,Integrates interdisciplinary perspectives for holistic understanding
1000,1,Does not encourage classroom participation
